碎片时间（Fragment time）, Casual, True, False, Coming soon
Kung Fu Legend, Action, True, False, Coming soon
DesktopMMD4:Born to Dance, Casual, False, False, May 4, 2022
Secret of the Vikings - Mystery island, Casual, True, False, May 5, 2022
Warplane Quest, Action, True, True, Coming soon
Thirayan, Action, True, False, Coming soon
Paracreat, Adventure, True, False, Coming soon
Legend of Rome - The Wrath of Mars, Casual, True, False, May 5, 2022
Alkali, Action, True, False, Nov 10, 2022
Meteor Blasters, Action, True, True, Apr 29, 2022
Only Furry 18+, Casual, True, False, Apr 30, 2022
Accursed, Action, True, False, Coming soon
Fix Me Up - Hospital Edition, Adventure, True, False, May 6, 2022
Art Mahjong 4, Casual, True, False, May 5, 2022
Nazralath: The Fallen World, Action, True, False, Coming soon
Yupitergrad 2: The Lost Station, Action, True, False, Coming soon
Neko Girls: Hentai Jigsaw Photo Studio, Casual, True, False, Jul 15, 2022
The Flames, Action, True, False, May 25, 2022
DIGGERGUN, Indie, True, False, Coming soon
Brain Exam with Benefits, Casual, True, False, May 17, 2022
Nosher, Action, True, False, Coming soon
Escape If You Can, Adventure, True, False, Jun 26, 2022
Love Make Power 做愛發電公司, Indie, True, False, Coming soon
Corridor Sigma, Action, True, False, May 4, 2022
AvatarShop, Casual, True, False, May 31, 2022
Forge, Free to Play, False, True, Coming soon
Ambushed, Indie, True, True, Nov 4, 2022
The Trasamire Campaigns, Casual, True, True, Coming soon
Project Gunship, Action, True, False, Aug 31, 2022
Ants With Guns, Action, True, False, Coming soon
Where The Stars Brought Us, Casual, True, False, Coming soon
Catch the Yeti!, Casual, True, False, May 12, 2022
Super Asqr, Action, True, False, Aug 10, 2022
Unknown, Action, True, False, Aug 4, 2022
Bounda, Adventure, True, False, May 3, 2022
Crafting Town, Casual, True, False, Jul 28, 2022
The Quintessential Quintuplets OMOIDE VR ~ITSUKI~, Adventure, True, False, Oct 12, 2022
Lander Odyssey, Action, True, False, May 17, 2022
Iron Jaw, Action, True, False, May 24, 2022
Tales of Inca 2 - New Adventures, Casual, True, False, May 5, 2022
Border Town, Action, True, False, Coming soon
武儒绘卷 - 天地奇缘, Adventure, True, False, Sep 6, 2022
Eshe's Wish Adventure, Adventure, True, False, May 9, 2022
Solitaire Beautiful Garden Season, Casual, True, False, May 5, 2022
Krystals with A K, Indie, True, False, Coming soon
Shadow's Light, Adventure, True, False, Coming soon
Germinal, Action, True, False, Coming soon
Moi Mei: Hidden Objects, Adventure, True, False, May 18, 2022
Life on the Edge, Action, True, False, Jun 17, 2022
Spell Welders, Indie, True, False, May 6, 2022
Last Day: Zombie Survival VR, Action, True, False, May 5, 2022
2Week : Death World, Indie, True, False, May 3, 2022
MasterQ, Indie, True, False, Jul 19, 2022
ROWBOTS, Action, True, True, Coming soon
捉妖物语/Monster Girl, Adventure, True, False, Jul 16, 2022
Wicked Engine, Free to Play, True, False, Sep 1, 2022
One Many Nobody, Adventure, True, False, Oct 10, 2022
Plow the Snow!, Casual, True, True, Coming soon
Heroes of Rome 2 - The Revenge of Discordia, Casual, True, False, May 5, 2022
Northland Heroes - The missing druid, Casual, True, False, May 5, 2022
The Den of Chaos2 - 混沌の魔窟殿２～アッサマラームの遺跡編～, Action, True, False, May 15, 2022
Sentinel Point Heroes, Strategy, True, False, Coming soon
Change District, Adventure, True, False, May 27, 2022
Ancient Cultures: Tikal's Realm, Action, True, False, Coming soon
Full of work, Indie, True, False, May 10, 2022
It's Hard Being A Dog, Adventure, True, False, May 2, 2022
Ballistic Zen, Indie, True, False, Coming soon
Automata Ecosystem - Cellular Automata Simulation, Simulation, True, False, May 30, 2022
Updog, Casual, True, False, Jul 19, 2022
Fun with Friends and Trampolines, Casual, True, False, Sep 1, 2022
Elimination, Action, True, True, Coming soon
Mythos, Action, True, False, Sep 7, 2022
Ceramic Soul, Adventure, True, False, Apr 29, 2022
The Secret Life of Dorian Pink | Prologue, Adventure, True, False, May 13, 2022
Public Bounce, Adventure, True, False, Coming soon
Metroland, Simulation, True, False, Coming soon
No Return, Adventure, True, False, Coming soon
Sandwalkers: The Fourteenth Caravan, Free to Play, True, False, Oct 26, 2022
Kuggs, Adventure, True, False, Apr 22, 2022
Die to Survive, Action, True, False, Coming soon
Sakura Blossom, Action, True, False, Coming soon
Sinus, Action, True, False, Coming soon
School Sweets Discovery ～granulated sugar edition～, Adventure, True, False, May 10, 2022
MAXIM, Action, True, False, Oct 18, 2022
Davy's Debris, Action, True, False, Coming soon
Nectar, Adventure, True, False, May 25, 2022
HRS: devil game I, Action, True, True, Jul 7, 2022
Triple Jump, Action, True, False, May 3, 2022
Windfolk: Sky is just the Beginning, Action, True, False, Sep 26, 2022
H.I.V.E., Indie, True, False, May 26, 2022
Gates of Nesphera VR, Action, True, False, Coming soon
(Virus_);, Action, True, False, Coming soon
Dice Tribes: Ambitions, Indie, True, False, Jun 15, 2022
Virus_ Playtest, Unknown, True, False, Apr 12, 2022
Mini Mecum, Adventure, True, False, May 1, 2022
Anna bunny, Adventure, True, False, May 19, 2022
Ninja Sneaking R, Action, True, True, May 20, 2022
Quantum Tripper, Action, True, False, May 27, 2022
～Daydream～蝶が舞う頃に, RPG, True, False, May 26, 2022
rododendron, Strategy, True, False, May 6, 2022
Greed, Action, True, False, Jun 21, 2022
